case4gs	case4gs_ppcY_backbone_dc_compile_ppNR_ls0.60-1.40_u0clean_sgenpert_pvqvstart_siNR_37000_NR_branchrows_directSI.parquet
case5	case5_ppcY_backbone_dc_compile_ppNR_ls0.60-1.40_u0clean_sgenpert_pvqvstart_siNR_37000_NR_branchrows_directSI.parquet
case6ww	case6ww_ppcY_backbone_dc_compile_ppNR_ls0.60-1.40_u0clean_sgenpert_pvqvstart_siNR_37000_NR_branchrows_directSI.parquet
case9	case9_ppcY_backbone_dc_compile_ppNR_ls0.60-1.40_u0clean_sgenpert_pvqvstart_siNR_37000_NR_branchrows_directSI.parquet
case14	case14_ppcY_backbone_dc_compile_ppNR_ls0.60-1.40_u0clean_sgenpert_pvqvstart_siNR_37000_NR_branchrows_directSI.parquet
case24_ieee_rts	case24_ieee_rts_ppcY_backbone_dc_compile_ppNR_ls0.60-1.40_u0clean_sgenpert_pvqvstart_siNR_37000_NR_branchrows_directSI.parquet
GBreducednetwork	GBreducednetwork_ppcY_backbone_dc_compile_ppNR_ls0.60-1.40_u0clean_sgenpert_pvqvstart_siNR_37000_NR_branchrows_directSI.parquet
case30	case30_ppcY_backbone_dc_compile_ppNR_ls0.60-1.40_u0clean_sgenpert_pvqvstart_siNR_37000_NR_branchrows_directSI.parquet
case_ieee30	case_ieee30_ppcY_backbone_dc_compile_ppNR_ls0.60-1.40_u0clean_sgenpert_pvqvstart_siNR_37000_NR_branchrows_directSI.parquet
case33bw	case33bw_ppcY_backbone_dc_compile_ppNR_ls0.60-1.40_u0clean_sgenpert_pvqvstart_siNR_37000_NR_branchrows_directSI.parquet
case39	case39_ppcY_backbone_dc_compile_ppNR_ls0.60-1.40_u0clean_sgenpert_pvqvstart_siNR_37000_NR_branchrows_directSI.parquet
case57	case57_ppcY_backbone_dc_compile_ppNR_ls0.60-1.40_u0clean_sgenpert_pvqvstart_siNR_37034_NR_branchrows_directSI.parquet
case89pegase	case89pegase_ppcY_backbone_dc_compile_ppNR_ls0.60-1.40_u0clean_sgenpert_pvqvstart_siNR_36999_NR_branchrows_directSI.parquet
SimBench	SimBench_ppcY_backbone_dc_compile_ppNR_ls0.60-1.40_u0clean_sgenpert_pvqvstart_siNR_38649_NR_branchrows_directSI.parquet
case118	case118_ppcY_backbone_dc_compile_ppNR_ls0.60-1.40_u0clean_sgenpert_pvqvstart_siNR_37000_NR_branchrows_directSI.parquet
case145	case145_ppcY_backbone_dc_compile_ppNR_ls0.60-1.40_u0clean_sgenpert_pvqvstart_siNR_36918_NR_branchrows_directSI.parquet
iceland	iceland_ppcY_backbone_dc_compile_ppNR_ls0.60-1.40_u0clean_sgenpert_pvqvstart_siNR_37112_NR_branchrows_directSI.parquet
case_illinois200	case_illinois200_ppcY_backbone_dc_compile_ppNR_ls0.60-1.40_u0clean_sgenpert_pvqvstart_siNR_37000_NR_branchrows_directSI.parquet
case300	case300_ppcY_backbone_dc_compile_ppNR_ls0.60-1.40_u0clean_sgenpert_pvqvstart_siNR_37930_NR_branchrows_directSI.parquet
LVN_heo1	LVN_heo1_ppcY_backbone_dc_compile_ppNR_ls0.60-1.40_u0clean_sgenpert_pvqvstart_siNR_37000_NR_branchrows_directSI.parquet
case1354pegase	case1354pegase_ppcY_backbone_dc_compile_ppNR_ls0.60-1.40_u0clean_sgenpert_pvqvstart_siNR_37038_NR_branchrows_directSI.parquet
case1888rte	case1888rte_ppcY_backbone_dc_compile_ppNR_ls0.60-1.40_u0clean_sgenpert_pvqvstart_siNR_37000_NR_branchrows_directSI.parquet
GBnetwork	GBnetwork_ppcY_backbone_dc_compile_ppNR_ls0.60-1.40_u0clean_sgenpert_pvqvstart_siNR_37022_NR_branchrows_directSI.parquet
case2848rte	case2848rte_ppcY_backbone_dc_compile_ppNR_ls0.60-1.40_u0clean_sgenpert_pvqvstart_siNR_37000_NR_branchrows_directSI.parquet
case2869pegase	case2869pegase_ppcY_backbone_dc_compile_ppNR_ls0.60-1.40_u0clean_sgenpert_pvqvstart_siNR_37099_NR_branchrows_directSI.parquet
case3120sp	case3120sp_ppcY_backbone_dc_compile_ppNR_ls0.60-1.40_u0clean_sgenpert_pvqvstart_siNR_37191_NR_branchrows_directSI.parquet
ENTSO_E_RealGridTest	ENTSO_E_RealGridTest_ppcY_backbone_dc_compile_ppNR_ls0.60-1.40_u0clean_sgenpert_pvqvstart_siNR_37000_NR_branchrows_directSI.parquet
case6470rte	case6470rte_ppcY_backbone_dc_compile_ppNR_ls0.60-1.40_u0clean_sgenpert_pvqvstart_siNR_37895_NR_branchrows_directSI.parquet
case6495rte	case6495rte_ppcY_backbone_dc_compile_ppNR_ls0.60-1.40_u0clean_sgenpert_pvqvstart_siNR_37889_NR_branchrows_directSI.parquet
case6515rte	case6515rte_ppcY_backbone_dc_compile_ppNR_ls0.60-1.40_u0clean_sgenpert_pvqvstart_siNR_37211_NR_branchrows_directSI.parquet
case9241pegase	case9241pegase_ppcY_backbone_dc_compile_ppNR_ls0.60-1.40_u0clean_sgenpert_pvqvstart_siNR_38508_NR_branchrows_directSI.parquet
