grid_name,number_of_buses,parquet,status,reason,checkpoint,checkpoint_sha256,test_scenarios,raw_mean_pb,csp16_mean_pb,raw_max_pb,csp16_max_pb,raw_vmag_rmse,csp16_vmag_rmse,log10_raw_mean_pb,log10_csp16_mean_pb
case4gs,4,case4gs_ppcY_backbone_dc_compile_ppNR_ls0.60-1.40_u0clean_sgenpert_pvqvstart_siNR_37000_NR_branchrows_directSI.parquet,scored,,/home/hpc/iwi5/iwi5295h/PIGNN-Attn-LS/PIGNN-Attn-LS-PPC/results/ckpt/pfv2_gridsfm_A_v2/pfv2_gridsfm_case4gs_b32_best.pt,c1732f1befeee3707d4f81e6b1e6d58c0ba9cf25a3ef7481897c208647d21098,12336,0.09073148574127478,0.08225428056230523,0.8222898571325382,0.8400326862987297,0.00996798361223791,0.008081938794216263,-1.0422419774291893,-1.0848414918434546
case5,5,case5_ppcY_backbone_dc_compile_ppNR_ls0.60-1.40_u0clean_sgenpert_pvqvstart_siNR_37000_NR_branchrows_directSI.parquet,scored,,/home/hpc/iwi5/iwi5295h/PIGNN-Attn-LS/PIGNN-Attn-LS-PPC/results/ckpt/pfv2_gridsfm_A_v2/pfv2_gridsfm_case5_b32_best.pt,fa472fa3aa9ba7397666c5df77cad33c66d74c59fcb45a5dc6a0e215b6501405,12336,0.038171638913302004,0.03751475057772387,0.7081770269147079,0.7195641209999064,0.001553374189122351,0.0012421128760882571,-1.418259193057894,-1.425797936674253
case6ww,6,case6ww_ppcY_backbone_dc_compile_ppNR_ls0.60-1.40_u0clean_sgenpert_pvqvstart_siNR_37000_NR_branchrows_directSI.parquet,scored,,/home/hpc/iwi5/iwi5295h/PIGNN-Attn-LS/PIGNN-Attn-LS-PPC/results/ckpt/pfv2_gridsfm_A_v2/pfv2_gridsfm_case6ww_b32_best.pt,04811d1945c0b7603f6981cee6bf994ea7eb92186dbb1d02656727a75a07ce3b,12336,0.2154090562258235,0.08568063999745552,0.9955501370952542,0.5530083919724698,0.006014613054393578,0.003735442619985197,-0.6667360420490687,-1.0671172981714705
case9,9,case9_ppcY_backbone_dc_compile_ppNR_ls0.60-1.40_u0clean_sgenpert_pvqvstart_siNR_37000_NR_branchrows_directSI.parquet,scored,,/home/hpc/iwi5/iwi5295h/PIGNN-Attn-LS/PIGNN-Attn-LS-PPC/results/ckpt/pfv2_gridsfm_A_v2/pfv2_gridsfm_case9_b32_best.pt,c789dd2843bcdd1e59f871ef9d8b47245e1490a6d6fe0b5700b1bfc0f1aeda37,12336,0.11606868392366494,0.054780683365064614,1.2106958275483832,0.7496157739602494,0.004420994311521529,0.0041719157350480485,-0.9352849398972548,-1.2613725544145589
case14,14,case14_ppcY_backbone_dc_compile_ppNR_ls0.60-1.40_u0clean_sgenpert_pvqvstart_siNR_37000_NR_branchrows_directSI.parquet,scored,,/home/hpc/iwi5/iwi5295h/PIGNN-Attn-LS/PIGNN-Attn-LS-PPC/results/ckpt/pfv2_gridsfm_A_v2/pfv2_gridsfm_case14_b32_best.pt,02736e073ad2dfabeaca7715d3b638fd81ec77b54b9174eb91facaf870c6f233,12336,0.07313467108590978,0.031103991345621487,1.1540154136677512,0.6730972913759565,0.003167803204929879,0.0021432218355239697,-1.135876687452959,-1.5071838775919546
case24_ieee_rts,24,case24_ieee_rts_ppcY_backbone_dc_compile_ppNR_ls0.60-1.40_u0clean_sgenpert_pvqvstart_siNR_37000_NR_branchrows_directSI.parquet,scored,,/home/hpc/iwi5/iwi5295h/PIGNN-Attn-LS/PIGNN-Attn-LS-PPC/results/ckpt/pfv2_gridsfm_A_v2/pfv2_gridsfm_case24_ieee_rts_b32_best.pt,e4ed5f8f0151e48725b9893d641f685e9a5f15678f34ffcff74cacf8e43b1095,12336,0.17375412555731132,0.1423206824579627,2.2783144436761225,2.48063273920609,0.00718572162979311,0.00652156071247332,-0.7600648748788322,-0.846731982384666
GBreducednetwork,29,GBreducednetwork_ppcY_backbone_dc_compile_ppNR_ls0.60-1.40_u0clean_sgenpert_pvqvstart_siNR_37000_NR_branchrows_directSI.parquet,scored,,/home/hpc/iwi5/iwi5295h/PIGNN-Attn-LS/PIGNN-Attn-LS-PPC/results/ckpt/pfv2_gridsfm_A_v2/pfv2_gridsfm_GBreducednetwork_b32_best.pt,428e937343f23769f0b6977164bd06e5c0cd75fb1f2ea4df5d9f5cb3e075dcaf,12336,4.291893228475171,3.1061776469056364,128.39791126715554,54.39579209008745,0.05246859782658037,0.010288894784950849,0.6326489092722823,0.4922262900482419
case30,30,case30_ppcY_backbone_dc_compile_ppNR_ls0.60-1.40_u0clean_sgenpert_pvqvstart_siNR_37000_NR_branchrows_directSI.parquet,scored,,/home/hpc/iwi5/iwi5295h/PIGNN-Attn-LS/PIGNN-Attn-LS-PPC/results/ckpt/pfv2_gridsfm_A_v2/pfv2_gridsfm_case30_b32_best.pt,2296a3bfa00b3e8be56344ae0802cf5ebabdd466fa9f26c31e682dd065a4f4e9,12336,0.03460326976150718,0.0220149785982343,0.39969022299548185,0.29182764567836805,0.0016283109528199761,0.0013248418021729004,-1.4608828615457836,-1.657281732401742
case_ieee30,30,case_ieee30_ppcY_backbone_dc_compile_ppNR_ls0.60-1.40_u0clean_sgenpert_pvqvstart_siNR_37000_NR_branchrows_directSI.parquet,scored,,/home/hpc/iwi5/iwi5295h/PIGNN-Attn-LS/PIGNN-Attn-LS-PPC/results/ckpt/pfv2_gridsfm_A_v2/pfv2_gridsfm_case_ieee30_b32_best.pt,d50099dded5a27e1a0b8403910bbf2151b60d38233c07bac8b51db8c05d00bb0,12336,0.04759501195324479,0.02796909346365953,1.1855510875872317,0.6225553879568431,0.0030358804129317772,0.0021760654226129633,-1.3224385597730461,-1.5533216097854488
case33bw,33,case33bw_ppcY_backbone_dc_compile_ppNR_ls0.60-1.40_u0clean_sgenpert_pvqvstart_siNR_37000_NR_branchrows_directSI.parquet,scored,,/home/hpc/iwi5/iwi5295h/PIGNN-Attn-LS/PIGNN-Attn-LS-PPC/results/ckpt/pfv2_gridsfm_A_v2/pfv2_gridsfm_case33bw_b32_best.pt,db98ed83bb1af1b32f7890c5bb3a2b208a48ab3a66589f98667d290435e34c80,12336,0.013700324891699952,0.0031011162581300227,0.1870239384172794,0.08149311986504548,0.005140274085623535,0.0042148593305629265,-1.8632691337925367,-2.5084819521380637
case39,39,case39_ppcY_backbone_dc_compile_ppNR_ls0.60-1.40_u0clean_sgenpert_pvqvstart_siNR_37000_NR_branchrows_directSI.parquet,scored,,/home/hpc/iwi5/iwi5295h/PIGNN-Attn-LS/PIGNN-Attn-LS-PPC/results/ckpt_b313dc/pfv2_gridsfm_B_v2/pfv2_gridsfm_case39_b32_best.pt,b32baba23fadb537bd9315d9a99b43f79e162ef87a4b2b0725d3542641dd0b38,12336,0.2995521461473227,0.19051995737255978,2.6851721937548376,2.08116468532201,0.008922840004784773,0.007226088199732177,-0.5235275645509966,-0.7200595243306347
case57,57,case57_ppcY_backbone_dc_compile_ppNR_ls0.60-1.40_u0clean_sgenpert_pvqvstart_siNR_37034_NR_branchrows_directSI.parquet,scored,,/home/hpc/iwi5/iwi5295h/PIGNN-Attn-LS/PIGNN-Attn-LS-PPC/results/ckpt_b313dc/pfv2_gridsfm_B_v2/pfv2_gridsfm_case57_b32_best.pt,f22032d25d85f5ca3cc3262c9b9b4d5a2ae93c48028009f85e8565c7d55cec7a,12348,0.12458868235895712,0.035558653452234454,3.920284743975712,2.062357352593943,0.019686983886367183,0.01820283231195574,-0.9045214072137217,-1.449054693408706
case89pegase,89,case89pegase_ppcY_backbone_dc_compile_ppNR_ls0.60-1.40_u0clean_sgenpert_pvqvstart_siNR_36999_NR_branchrows_directSI.parquet,scored,,/home/hpc/iwi5/iwi5295h/PIGNN-Attn-LS/PIGNN-Attn-LS-PPC/results/ckpt_b313dc/pfv2_gridsfm_B_v2/pfv2_gridsfm_case89pegase_b32_best.pt,be6f8cab0f90514159da633e56ddb5b87706d7b2d8f2b5e2d7d188f0a055a07f,12337,0.16909523099568627,0.15646153059533932,2.6965229860207174,6.779599699017265,0.019994381251744096,0.01918385090586389,-0.7718686406663846,-0.8055924255545311
SimBench,94,SimBench_ppcY_backbone_dc_compile_ppNR_ls0.60-1.40_u0clean_sgenpert_pvqvstart_siNR_38649_NR_branchrows_directSI.parquet,scored,,/home/hpc/iwi5/iwi5295h/PIGNN-Attn-LS/PIGNN-Attn-LS-PPC/results/ckpt_b313dc/pfv2_gridsfm_B_v2/pfv2_gridsfm_SimBench_b32_best.pt,6f34f225e1950b2a7c10425d588bff63ea1e648428917348c4dabb1cd65eaab5,12887,0.4355659982702821,0.049054935677058875,2.6769080267510885,1.7247959301000655,0.011437459195324736,0.002863019395649786,-0.3609460300639853,-1.3093172894161187
case118,118,case118_ppcY_backbone_dc_compile_ppNR_ls0.60-1.40_u0clean_sgenpert_pvqvstart_siNR_37000_NR_branchrows_directSI.parquet,scored,,/home/hpc/iwi5/iwi5295h/PIGNN-Attn-LS/PIGNN-Attn-LS-PPC/results/ckpt_b313dc/pfv2_gridsfm_B_v2/pfv2_gridsfm_case118_b32_best.pt,6df3c616a7d7f86e2b6a7b76bba81452031b33cc483d14151f50c4df73abba6b,12336,0.2884761074718615,0.09244051142152972,4.038268054930294,2.184352780362384,0.01950650959650781,0.021564283978856652,-0.5398901506982696,-1.0341376604783687
case145,145,case145_ppcY_backbone_dc_compile_ppNR_ls0.60-1.40_u0clean_sgenpert_pvqvstart_siNR_36918_NR_branchrows_directSI.parquet,scored,,/home/hpc/iwi5/iwi5295h/PIGNN-Attn-LS/PIGNN-Attn-LS-PPC/results/ckpt_b313dc/pfv2_gridsfm_B_v2/pfv2_gridsfm_case145_b32_best.pt,9f587515551e29b250a24ad644b1ecf42fd37674e082cdf3daeab25cd219a7ee,12310,3.728145811873119,2.554839074025166,189.54028580837894,181.22115778311604,0.04800776839935359,0.025974465971694134,0.5714928897478007,0.4073635496903261
iceland,189,iceland_ppcY_backbone_dc_compile_ppNR_ls0.60-1.40_u0clean_sgenpert_pvqvstart_siNR_37112_NR_branchrows_directSI.parquet,scored,,/home/hpc/iwi5/iwi5295h/PIGNN-Attn-LS/PIGNN-Attn-LS-PPC/results/ckpt_b313dc/pfv2_gridsfm_B_v2/pfv2_gridsfm_iceland_b32_best.pt,99001c49edff6b89d64389e0be990147c8823c5c2edaa6f417ffa7811dc07d59,12374,0.767155260895489,0.02092217837514137,130.6998698331365,1.3430012746957711,0.04633426736687113,0.02493446184577308,-0.11511673236602031,-1.679393099582442
case_illinois200,200,case_illinois200_ppcY_backbone_dc_compile_ppNR_ls0.60-1.40_u0clean_sgenpert_pvqvstart_siNR_37000_NR_branchrows_directSI.parquet,scored,,/home/hpc/iwi5/iwi5295h/PIGNN-Attn-LS/PIGNN-Attn-LS-PPC/results/ckpt_b313dc/pfv2_gridsfm_B_v2/pfv2_gridsfm_case_illinois200_b32_best.pt,74ae06e64041e625eba067155b4b33dc835132877b05f3e2dbccd55411c393a1,12336,0.10881303747741189,0.03127991662291558,2.6713401186594656,1.1917048714974205,0.0053928843977592445,0.010385112310429597,-0.9633190663540088,-1.5047344132290674
case300,300,case300_ppcY_backbone_dc_compile_ppNR_ls0.60-1.40_u0clean_sgenpert_pvqvstart_siNR_37930_NR_branchrows_directSI.parquet,scored,,/home/hpc/iwi5/iwi5295h/PIGNN-Attn-LS/PIGNN-Attn-LS-PPC/results/ckpt/pfv2_gridsfm_C_v2/pfv2_gridsfm_case300_b32_best.pt,31651aad32c848a534b76f64e9f4b4d48f677a283e37d850da219c6537f5f9be,12646,0.14942754537347808,0.1306370604301574,36.74416637818707,5.328041275363777,0.02467175221145535,0.023148302324433837,-0.8255693375873662,-0.8839336005717942
LVN_heo1,722,LVN_heo1_ppcY_backbone_dc_compile_ppNR_ls0.60-1.40_u0clean_sgenpert_pvqvstart_siNR_37000_NR_branchrows_directSI.parquet,scored,,/home/hpc/iwi5/iwi5295h/PIGNN-Attn-LS/PIGNN-Attn-LS-PPC/results/ckpt/pfv2_gridsfm_C_v2/pfv2_gridsfm_LVN_heo1_b32_best.pt,d9127ecf00e4d239a7b69bbe061efa5eeccf458800399a1f1b21ea7e3d3527aa,12336,0.1186001535667156,0.008339436363834378,6.60687946159891,3.096978987997459,0.0308532820415797,0.01742288266852221,-0.9259147486350444,-2.078863300962793
case1354pegase,1354,case1354pegase_ppcY_backbone_dc_compile_ppNR_ls0.60-1.40_u0clean_sgenpert_pvqvstart_siNR_37038_NR_branchrows_directSI.parquet,scored,,/home/hpc/iwi5/iwi5295h/PIGNN-Attn-LS/PIGNN-Attn-LS-PPC/results/ckpt/pfv2_gridsfm_C_v2/pfv2_gridsfm_case1354pegase_b32_best.pt,468257ea5c651893baf9e3476614bd4e8fc5792adf6b4f53705b7b6e48f24c4d,12350,0.1684761680331344,0.14806777909517063,10.633479721259853,39.24351616178449,0.025364635488673612,0.0233866534708844,-0.7734615240134703,-0.8295394376543531
case1888rte,1888,case1888rte_ppcY_backbone_dc_compile_ppNR_ls0.60-1.40_u0clean_sgenpert_pvqvstart_siNR_37000_NR_branchrows_directSI.parquet,scored,,/home/hpc/iwi5/iwi5295h/PIGNN-Attn-LS/PIGNN-Attn-LS-PPC/results/ckpt_b313dc/pfv2_gridsfm_D_v2c/pfv2_gridsfm_case1888rte_b31_best.pt,95cec5c432fa455ee8fb6e3d337d186cef02bd66d8e4a269927b06271ceac171,12336,0.8838374949508645,0.08194520076256476,309.93775840928964,5.782612660892241,0.029033503627360253,0.015415643664346845,-0.053627578350948,-1.0864764764237904
GBnetwork,2224,GBnetwork_ppcY_backbone_dc_compile_ppNR_ls0.60-1.40_u0clean_sgenpert_pvqvstart_siNR_37022_NR_branchrows_directSI.parquet,scored,,/home/hpc/iwi5/iwi5295h/PIGNN-Attn-LS/PIGNN-Attn-LS-PPC/results/ckpt_b313dc/pfv2_gridsfm_D_v2/pfv2_gridsfm_GBnetwork_b26_best.pt,0c40edeb15d3ef04005065cb82b389c9e10c9ba9b2f71242fefc579d6d602ed9,12344,0.25997309077153236,0.05008673924045001,9.921217936080817,4.916198634189335,0.031861726520279535,0.00857195940421302,-0.5850716025454823,-1.3002772409392538
case2848rte,2848,case2848rte_ppcY_backbone_dc_compile_ppNR_ls0.60-1.40_u0clean_sgenpert_pvqvstart_siNR_37000_NR_branchrows_directSI.parquet,scored,,/home/hpc/iwi5/iwi5295h/PIGNN-Attn-LS/PIGNN-Attn-LS-PPC/results/ckpt_b313dc/pfv2_gridsfm_D_v2/pfv2_gridsfm_case2848rte_b20_best.pt,3a86a987c2feff98e45a54fb99b6f90f0a2fd11edd12a89cb9de5b46aff79ea7,12336,0.21348216545042767,0.034211394272598616,29.21167907627419,4.678009400324295,0.016707171737873262,0.015854494156934275,-0.6706384005920688,-1.4658292259448202
case2869pegase,2869,case2869pegase_ppcY_backbone_dc_compile_ppNR_ls0.60-1.40_u0clean_sgenpert_pvqvstart_siNR_37099_NR_branchrows_directSI.parquet,scored,,/home/hpc/iwi5/iwi5295h/PIGNN-Attn-LS/PIGNN-Attn-LS-PPC/results/ckpt_b313dc/pfv2_gridsfm_D_v2/pfv2_gridsfm_case2869pegase_b20_best.pt,a48e429516ccf21ed39da07af2984d27b1acff3a679df44739fc71b9dab43bee,12369,0.18994434856785045,0.1088253522989409,10.696214193272395,17.20861331929974,0.017351807731800974,0.020843273657723066,-0.7213736235217896,-0.9632699182322378
case3120sp,3120,case3120sp_ppcY_backbone_dc_compile_ppNR_ls0.60-1.40_u0clean_sgenpert_pvqvstart_siNR_37191_NR_branchrows_directSI.parquet,scored,,/home/hpc/iwi5/iwi5295h/PIGNN-Attn-LS/PIGNN-Attn-LS-PPC/results/ckpt_b313dc/pfv2_gridsfm_D_v2/pfv2_gridsfm_case3120sp_b18_best.pt,0d1c5c15100c47c7a5c70ad4a0ac199f0e178a7b2ed31de45da1143dcafeebe4,12401,0.7952984975340162,0.09277053018299888,4608.975919275207,202.00701119650765,0.030461352816297367,0.020407645152210642,-0.09946983800908545,-1.0325899614051912
ENTSO_E_RealGridTest,6051,ENTSO_E_RealGridTest_ppcY_backbone_dc_compile_ppNR_ls0.60-1.40_u0clean_sgenpert_pvqvstart_siNR_37000_NR_branchrows_directSI.parquet,scored,,/home/hpc/iwi5/iwi5295h/PIGNN-Attn-LS/PIGNN-Attn-LS-PPC/results/ckpt_b313dc/pfv2_gridsfm_D_v2t/pfv2_gridsfm_ENTSO_E_RealGridTest_b9_best.pt,4aa3412953bd4e883f03834210e433eb2f9fc2e6473c164e77db2feb646ce5c4,12336,0.20986021561190124,0.017219114807988364,28.618393829272822,4.4987804738454145,0.02695693028054665,0.008947566823122519,-0.6780698852759659,-1.76398917831136
case6470rte,6470,case6470rte_ppcY_backbone_dc_compile_ppNR_ls0.60-1.40_u0clean_sgenpert_pvqvstart_siNR_37895_NR_branchrows_directSI.parquet,scored,,/home/hpc/iwi5/iwi5295h/PIGNN-Attn-LS/PIGNN-Attn-LS-PPC/results/ckpt_b313dc/pfv2_gridsfm_D_v2t/pfv2_gridsfm_case6470rte_b9_best.pt,69019d2ef86296571cc852c2ba059e8222902b15da526a8308c303ce032f1e0e,12635,0.28243726642089306,0.02910257037429956,47.98488593748484,7.384747123887272,0.0328728201393943,0.020921838924420094,-0.5490780004914738,-1.5360686519049238
case6495rte,6495,case6495rte_ppcY_backbone_dc_compile_ppNR_ls0.60-1.40_u0clean_sgenpert_pvqvstart_siNR_37889_NR_branchrows_directSI.parquet,scored,,/home/hpc/iwi5/iwi5295h/PIGNN-Attn-LS/PIGNN-Attn-LS-PPC/results/ckpt_b313dc/pfv2_gridsfm_D_v2t/pfv2_gridsfm_case6495rte_b9_best.pt,1f2cbdd4ed9c97aa26733588ad5c38c1bd9ddf86c366637e30638e05ca4766ee,12633,0.7090974122459597,0.0843045581923586,445.40128896121985,17.92876647879585,0.035404268734506576,0.02265682865365963,-0.14929409952089484,-1.074148943236809
case6515rte,6515,case6515rte_ppcY_backbone_dc_compile_ppNR_ls0.60-1.40_u0clean_sgenpert_pvqvstart_siNR_37211_NR_branchrows_directSI.parquet,scored,,/home/hpc/iwi5/iwi5295h/PIGNN-Attn-LS/PIGNN-Attn-LS-PPC/results/ckpt_b313dc/pfv2_gridsfm_D_v2t/pfv2_gridsfm_case6515rte_b9_best.pt,52bc4f66ea3f31ecf3cbf20f4f2634b39344839c6e35a872560f61693ac57abf,12407,0.5056703261397865,0.04099453969150647,237.54514521861816,10.007893515325419,0.03908123220904019,0.021688527300221534,-0.29613253098652753,-1.3872739857136913
case9241pegase,9241,case9241pegase_ppcY_backbone_dc_compile_ppNR_ls0.60-1.40_u0clean_sgenpert_pvqvstart_siNR_38508_NR_branchrows_directSI.parquet,scored,,/home/hpc/iwi5/iwi5295h/PIGNN-Attn-LS/PIGNN-Attn-LS-PPC/results/ckpt_b313dc/pfv2_gridsfm_D_v2t/pfv2_gridsfm_case9241pegase_b6_best.pt,125d3e81483d6b2f874806541cb73cfc82c3f2fc102322c4aedac13124924b80,12840,0.37798532762036446,0.06859670275255855,21.282514305371446,20.196883102455374,0.039961720795714334,0.022990105188755758,-0.42252505798601564,-1.1636967590860214
