section,cell,block,metric,value
reference,control,magnitude,retained_variance,0.9354886985220126
reference,control,angle,retained_variance,0.9946702291056327
reference,gbcorr,magnitude,retained_variance,0.9853425569411093
reference,gbcorr,angle,retained_variance,0.9986425524109347
cell,control_cal__control_basis,,vmag_rmse,0.019554878877113678
cell,control_cal__control_basis,,angle_rmse_deg,1.5448570610410943
cell,control_cal__control_basis,,within_r2,0.47504371040214205
cell,control_cal__control_basis,,within_slope,0.4089955636896848
cell,control_cal__control_basis,,mean_pb,0.0999541533503999
cell,control_cal__control_basis,,max_pb,6.556020910941902
identity,control_cal__control_basis,magnitude,reference_off,76.27668676695576
identity,control_cal__control_basis,magnitude,error_off,164.62202325213406
identity,control_cal__control_basis,magnitude,rhs,-88.3453364851783
identity,control_cal__control_basis,magnitude,lhs,-88.34533648517788
identity,control_cal__control_basis,magnitude,relative_discrepancy,4.6648165385617005e-15
identity,control_cal__control_basis,magnitude,off_error_fraction,0.19035860214969091
identity,control_cal__control_basis,angle,reference_off,407.4392066620235
identity,control_cal__control_basis,angle,error_off,45.42452939871185
identity,control_cal__control_basis,angle,rhs,362.0146772633116
identity,control_cal__control_basis,angle,lhs,362.01467726331
identity,control_cal__control_basis,angle,relative_discrepancy,4.553569925465824e-15
identity,control_cal__control_basis,angle,off_error_fraction,0.04077030886428819
cell,gbcorr_cal__control_basis,,vmag_rmse,0.016736945908267062
cell,gbcorr_cal__control_basis,,angle_rmse_deg,1.5193672632117456
cell,gbcorr_cal__control_basis,,within_r2,0.4753564953308173
cell,gbcorr_cal__control_basis,,within_slope,0.40998632935127366
cell,gbcorr_cal__control_basis,,mean_pb,0.09442112832657927
cell,gbcorr_cal__control_basis,,max_pb,6.667886507856903
identity,gbcorr_cal__control_basis,magnitude,reference_off,76.27668676695576
identity,gbcorr_cal__control_basis,magnitude,error_off,152.52892076935393
identity,gbcorr_cal__control_basis,magnitude,rhs,-76.25223400239817
identity,gbcorr_cal__control_basis,magnitude,lhs,-76.25223400239759
identity,gbcorr_cal__control_basis,magnitude,relative_discrepancy,7.641022600137298e-15
identity,gbcorr_cal__control_basis,magnitude,off_error_fraction,0.23646056693790957
identity,gbcorr_cal__control_basis,angle,reference_off,407.4392066620235
identity,gbcorr_cal__control_basis,angle,error_off,43.23320656458315
identity,gbcorr_cal__control_basis,angle,rhs,364.2060000974403
identity,gbcorr_cal__control_basis,angle,lhs,364.20600009743794
identity,gbcorr_cal__control_basis,angle,relative_discrepancy,6.555146240081715e-15
identity,gbcorr_cal__control_basis,angle,off_error_fraction,0.04064590568244017
cell,control_cal__gbcorr_basis,,vmag_rmse,0.019176952335843905
cell,control_cal__gbcorr_basis,,angle_rmse_deg,1.3729763590434239
cell,control_cal__gbcorr_basis,,within_r2,0.506590058563717
cell,control_cal__gbcorr_basis,,within_slope,0.43192077171769505
cell,control_cal__gbcorr_basis,,mean_pb,0.07395317580088893
cell,control_cal__gbcorr_basis,,max_pb,5.160301236647059
identity,control_cal__gbcorr_basis,magnitude,reference_off,15.641303704893861
identity,control_cal__gbcorr_basis,magnitude,error_off,133.70884236195604
identity,control_cal__gbcorr_basis,magnitude,rhs,-118.06753865706219
identity,control_cal__gbcorr_basis,magnitude,lhs,-118.06753865706173
identity,control_cal__gbcorr_basis,magnitude,relative_discrepancy,3.851586609316205e-15
identity,control_cal__gbcorr_basis,magnitude,off_error_fraction,0.15461253497104846
identity,control_cal__gbcorr_basis,angle,reference_off,95.48874102717967
identity,control_cal__gbcorr_basis,angle,error_off,43.67843164112224
identity,control_cal__gbcorr_basis,angle,rhs,51.81030938605743
identity,control_cal__gbcorr_basis,angle,lhs,51.81030938605545
identity,control_cal__gbcorr_basis,angle,relative_discrepancy,3.826292983504482e-14
identity,control_cal__gbcorr_basis,angle,off_error_fraction,0.03920311717674617
cell,gbcorr_cal__gbcorr_basis,,vmag_rmse,0.016257280276591728
cell,gbcorr_cal__gbcorr_basis,,angle_rmse_deg,1.3440895086694102
cell,gbcorr_cal__gbcorr_basis,,within_r2,0.5069350201483971
cell,gbcorr_cal__gbcorr_basis,,within_slope,0.4329069207757313
cell,gbcorr_cal__gbcorr_basis,,mean_pb,0.06842030445396985
cell,gbcorr_cal__gbcorr_basis,,max_pb,4.8429428252305655
identity,gbcorr_cal__gbcorr_basis,magnitude,reference_off,15.641303704893861
identity,gbcorr_cal__gbcorr_basis,magnitude,error_off,124.02881929935626
identity,gbcorr_cal__gbcorr_basis,magnitude,rhs,-108.3875155944624
identity,gbcorr_cal__gbcorr_basis,magnitude,lhs,-108.38751559446234
identity,gbcorr_cal__gbcorr_basis,magnitude,relative_discrepancy,5.244461832070278e-16
identity,gbcorr_cal__gbcorr_basis,magnitude,off_error_fraction,0.19227779741858553
identity,gbcorr_cal__gbcorr_basis,angle,reference_off,95.48874102717967
identity,gbcorr_cal__gbcorr_basis,angle,error_off,41.72277877757663
identity,gbcorr_cal__gbcorr_basis,angle,rhs,53.76596224960304
identity,gbcorr_cal__gbcorr_basis,angle,lhs,53.765962249603035
identity,gbcorr_cal__gbcorr_basis,angle,relative_discrepancy,1.321547510786615e-16
identity,gbcorr_cal__gbcorr_basis,angle,off_error_fraction,0.03922586978297263
