section,model,block,metric,value
reference,,magnitude,training_explained_variance,0.9880053751661676
reference,,angle,training_explained_variance,0.9968392019907943
reference,,magnitude,test_reference_retained_variance,0.9878940592596026
reference,,angle,test_reference_retained_variance,0.9968251315392486
oracle_pure,,joint,vmag_rmse,0.00257593046740752
oracle_pure,,joint,angle_rmse_deg,0.3857722189492722
oracle_pure,,joint,mean_pb,0.04153755348707348
oracle_pure,,joint,max_pb,5.970846736512022
model,GridFM-GraphKit,magnitude,off_error_fraction_calibrated,0.47690900222943755
model,GridFM-GraphKit,angle,off_error_fraction_calibrated,0.2901134199989051
model,GridFM-GraphKit,magnitude,removed_error_energy_calibrated,560.955580103037
model,GridFM-GraphKit,angle,removed_error_energy_calibrated,310.951852740571
identity,GridFM-GraphKit,magnitude,calibrated_error_energy,1176.2318964009937
identity,GridFM-GraphKit,magnitude,csp_pure_error_energy,797.4388120012795
identity,GridFM-GraphKit,magnitude,csp_operational_error_energy,797.4388120012795
identity,GridFM-GraphKit,magnitude,reference_off_subspace_energy,182.162495703322
identity,GridFM-GraphKit,magnitude,calibrated_error_off_subspace_energy,560.955580103037
identity,GridFM-GraphKit,magnitude,rhs_reference_off_minus_error_off,-378.79308439971504
identity,GridFM-GraphKit,magnitude,lhs_pure_projection,-378.7930843997142
identity,GridFM-GraphKit,magnitude,lhs_operational_restore_known,-378.7930843997142
identity,GridFM-GraphKit,magnitude,pure_discrepancy,8.526512829121202e-13
identity,GridFM-GraphKit,magnitude,operational_discrepancy,8.526512829121202e-13
identity,GridFM-GraphKit,magnitude,pure_relative_discrepancy,2.25096845224443e-15
identity,GridFM-GraphKit,magnitude,operational_relative_discrepancy,2.25096845224443e-15
identity,GridFM-GraphKit,magnitude,max_abs_scenario_discrepancy_pure,7.729927808952652e-15
identity,GridFM-GraphKit,magnitude,max_abs_scenario_discrepancy_operational,7.729927808952652e-15
identity,GridFM-GraphKit,angle,calibrated_error_energy,1071.8285722244236
identity,GridFM-GraphKit,angle,csp_pure_error_energy,2005.4123343837894
identity,GridFM-GraphKit,angle,csp_operational_error_energy,2005.4123343837894
identity,GridFM-GraphKit,angle,reference_off_subspace_energy,1244.535614899944
identity,GridFM-GraphKit,angle,calibrated_error_off_subspace_energy,310.951852740571
identity,GridFM-GraphKit,angle,rhs_reference_off_minus_error_off,933.583762159373
identity,GridFM-GraphKit,angle,lhs_pure_projection,933.5837621593657
identity,GridFM-GraphKit,angle,lhs_operational_restore_known,933.5837621593657
identity,GridFM-GraphKit,angle,pure_discrepancy,-7.275957614183426e-12
identity,GridFM-GraphKit,angle,operational_discrepancy,-7.275957614183426e-12
identity,GridFM-GraphKit,angle,pure_relative_discrepancy,7.793577726067327e-15
identity,GridFM-GraphKit,angle,operational_relative_discrepancy,7.793577726067327e-15
identity,GridFM-GraphKit,angle,max_abs_scenario_discrepancy_pure,3.191891195797325e-14
identity,GridFM-GraphKit,angle,max_abs_scenario_discrepancy_operational,3.191891195797325e-14
