section,model,statistic,value
random,,gain_parallel.mean,9.602029271571284
random,,gain_parallel.std,2.1981667162752805
random,,gain_parallel.median,9.18322933284314
random,,gain_parallel.p05,6.771918171557213
random,,gain_parallel.p25,8.01647304080316
random,,gain_parallel.p75,10.809518919507479
random,,gain_parallel.p95,13.830900181115139
random,,gain_parallel.min,4.686975824233932
random,,gain_parallel.max,20.232844040915058
random,,gain_parallel.n,4096
random,,gain_perp.mean,14889.860605930211
random,,gain_perp.std,3389.494433729565
random,,gain_perp.median,14429.956102388376
random,,gain_perp.p05,10098.084231364453
random,,gain_perp.p25,12485.580617148815
random,,gain_perp.p75,16913.629225943798
random,,gain_perp.p95,21149.33674333093
random,,gain_perp.min,7068.825021614173
random,,gain_perp.max,31236.40278362483
random,,gain_perp.n,4096
random,,raw_jp.mean,0.8461786617873136
random,,raw_jp.std,0.22158385204493086
random,,raw_jp.median,0.8121487377379144
random,,raw_jp.p05,0.5514642778789487
random,,raw_jp.p25,0.6875107260598923
random,,raw_jp.p75,0.9685032413276384
random,,raw_jp.p95,1.2677479878446707
random,,raw_jp.min,0.3729590776936219
random,,raw_jp.max,2.0356421596345227
random,,raw_jp.n,4096
random,,raw_jperp.mean,14831.064366747556
random,,raw_jperp.std,3376.620208797125
random,,raw_jperp.median,14367.532387499807
random,,raw_jperp.p05,10066.05305873374
random,,raw_jperp.p25,12444.825351565667
random,,raw_jperp.p75,16851.687624406295
random,,raw_jperp.p95,21064.312079610063
random,,raw_jperp.min,7039.087940273963
random,,raw_jperp.max,31074.03915381996
random,,raw_jperp.n,4096
random,,norm_parallel.mean,0.08815147460201739
random,,norm_parallel.std,0.011143580979265738
random,,norm_parallel.median,0.087862251251
random,,norm_parallel.p05,0.07003077575415255
random,,norm_parallel.p25,0.08066273513155761
random,,norm_parallel.p75,0.09561524134476451
random,,norm_parallel.p95,0.10712416640030467
random,,norm_parallel.min,0.0528680212284145
random,,norm_parallel.max,0.13028284153966282
random,,norm_parallel.n,4096
random,,norm_perp.mean,0.9960442651752812
random,,norm_perp.std,0.000995238131814908
random,,norm_perp.median,0.9961326341427272
random,,norm_perp.p05,0.9942456501753244
random,,norm_perp.p25,0.9954183671303595
random,,norm_perp.p75,0.9967414525145811
random,,norm_perp.p95,0.9975448309387962
random,,norm_perp.min,0.9914768687167397
random,,norm_perp.max,0.9986015082761451
random,,norm_perp.n,4096
random,,R1_ratio_of_pooled_medians,1571.3378790161219
random,,R2_median_paired_ratio,1562.5632758031215
actual,LUMINA,gain_parallel.n,128
actual,LUMINA,gain_parallel.p05,3.863448391860538
actual,LUMINA,gain_parallel.p25,4.113825086327322
actual,LUMINA,gain_parallel.median,4.305429158157802
actual,LUMINA,gain_parallel.p75,4.510445661081267
actual,LUMINA,gain_parallel.p95,7.011328206992939
actual,LUMINA,gain_parallel.mean,4.595951970467634
actual,LUMINA,gain_parallel.std,0.9714868955432746
actual,LUMINA,gain_perp.n,128
actual,LUMINA,gain_perp.p05,24.68417764834408
actual,LUMINA,gain_perp.p25,26.251456617435537
actual,LUMINA,gain_perp.median,28.014344837551302
actual,LUMINA,gain_perp.p75,30.438721507479922
actual,LUMINA,gain_perp.p95,36.04089853737411
actual,LUMINA,gain_perp.mean,28.79911409530407
actual,LUMINA,gain_perp.std,3.5552539040008853
actual,LUMINA,ratio_of_medians,6.506748528069621
